Day since 100cases,World,Afghanistan,Albania,Algeria,Andorra,Angola,Anguilla,Antigua and Barbuda,Argentina,Armenia,Aruba,Australia,Austria,Azerbaijan,Bahamas,Bahrain,Bangladesh,Barbados,Belarus,Belgium,Belize,Benin,Bermuda,Bhutan,Bolivia,Bonaire Sint Eustatius and Saba,Bosnia and Herzegovina,Botswana,Brazil,British Virgin Islands,Brunei,Bulgaria,Burkina Faso,Burundi,Cambodia,Cameroon,Canada,Cape Verde,Cayman Islands,Central African Republic,Chad,Chile,China,Colombia,Congo,Costa Rica,Cote d'Ivoire,Croatia,Cuba,Curacao,Cyprus,Czech Republic,Democratic Republic of Congo,Denmark,Djibouti,Dominica,Dominican Republic,Ecuador,Egypt,El Salvador,Equatorial Guinea,Eritrea,Estonia,Ethiopia,Faeroe Islands,Falkland Islands,Fiji,Finland,France,French Polynesia,Gabon,Gambia,Georgia,Germany,Ghana,Gibraltar,Greece,Greenland,Grenada,Guam,Guatemala,Guernsey,Guinea,Guinea-Bissau,Guyana,Haiti,Honduras,Hungary,Iceland,India,Indonesia,International,Iran,Iraq,Ireland,Isle of Man,Israel,Italy,Jamaica,Japan,Jersey,Jordan,Kazakhstan,Kenya,Kosovo,Kuwait,Kyrgyzstan,Laos,Latvia,Lebanon,Liberia,Libya,Liechtenstein,Lithuania,Luxembourg,Macedonia,Madagascar,Malawi,Malaysia,Maldives,Mali,Malta,Mauritania,Mauritius,Mexico,Moldova,Monaco,Mongolia,Montenegro,Montserrat,Morocco,Mozambique,Myanmar,Namibia,Nepal,Netherlands,New Caledonia,New Zealand,Nicaragua,Niger,Nigeria,Northern Mariana Islands,Norway,Oman,Pakistan,Palestine,Panama,Papua New Guinea,Paraguay,Peru,Philippines,Poland,Portugal,Puerto Rico,Qatar,Romania,Russia,Rwanda,Saint Kitts and Nevis,Saint Lucia,Saint Vincent and the Grenadines,San Marino,Sao Tome and Principe,Saudi Arabia,Senegal,Serbia,Seychelles,Sierra Leone,Singapore,Sint Maarten (Dutch part),Slovakia,Slovenia,Somalia,South Africa,South Korea,South Sudan,Spain,Sri Lanka,Sudan,Suriname,Swaziland,Sweden,Switzerland,Syria,Taiwan,Tanzania,Thailand,Timor,Togo,Trinidad and Tobago,Tunisia,Turkey,Turks and Caicos Islands,Uganda,Ukraine,United Arab Emirates,United Kingdom,United States,United States Virgin Islands,Uruguay,Uzbekistan,Vatican,Venezuela,Vietnam,Zambia,Zimbabwe
1,,15,23,8,25,,,,31,37,,12,3,29,,30,35,,11,59,,,,,11,,33,,23,,13,13,15,,4,43,10,,,,,81,136,37,,26,,23,39,,21,,,75,31,,78,53,17,25,,,36,,23,,,96,30,,,,12,54,64,5,34,,,17,39,,59,,,,15,18,32,32,21,,44,39,38,43,20,53,,12,,13,32,29,,4,23,,25,21,,,,36,59,,9,,18,,18,17,,8,25,15,,,18,,19,,,,,46,,36,,22,34,,27,10,156,,23,,8,31,47,36,34,27,238,24,21,13,,,,4,,32,6,32,,,4,,10,45,,31,75,,31,5,,,,76,122,,31,,32,,,3,25,93,,,29,15,30,14,,16,21,,15,24,,
2,,8,23,87,20,,,,30,7,,14,29,43,,1,41,,47,60,,,,,8,,4,,79,,3,22,32,,1,51,35,,,,,45,19,26,,4,,22,20,,8,,,151,14,,90,57,16,14,,,56,,3,,,,48,,,,5,18,5,6,57,,,2,11,,10,,,,29,28,0,12,17,,106,0,40,12,62,97,,27,,15,73,12,,8,5,,13,0,,,,38,70,,0,,12,,11,13,,8,46,16,,,14,,19,,,,,60,,40,,64,0,,34,22,0,,28,,9,28,29,21,57,47,0,26,33,2,,,,2,,15,14,9,,,4,,16,40,,34,190,,37,0,,,,24,55,,0,,63,,,1,59,168,,,43,0,48,22,,25,29,,1,5,,
3,,27,28,42,31,,,,67,14,,30,51,17,,52,54,,0,31,,,,,8,,33,,34,,7,36,0,,4,40,38,,,,,37,151,30,,17,,80,31,,8,,,252,5,,43,31,40,1,,,34,,4,,,,34,,,,6,28,4,4,38,,,9,16,,7,,,,2,36,21,28,38,,143,30,54,1,72,93,,12,,26,36,4,,11,13,,15,13,,,,36,135,,4,,20,,7,9,,18,39,24,,,21,,36,,,,,77,,47,,69,20,,22,21,115,,63,,0,89,2,52,76,65,58,45,52,1,,,,5,,0,11,14,,,2,,14,38,,55,256,,49,4,,,,42,68,,27,,0,,,1,0,311,,,62,27,43,34,,23,12,,12,11,,
4,,25,12,33,24,,,,41,24,,41,64,27,,0,112,,102,39,,,,,9,,19,,57,,1,22,34,,2,38,68,,,,,104,140,52,,24,,29,16,,14,,,160,10,,67,227,30,0,,,20,,10,,,,73,,,,27,39,11,7,103,,,4,3,,16,,,,31,20,40,26,0,,205,10,69,12,10,78,,0,,19,55,16,,7,19,,41,16,,,,30,139,,0,,9,,21,5,,15,48,28,,,30,,55,,,,,56,,73,,25,23,,23,15,176,,45,,2,29,45,61,86,47,17,33,54,0,,,,17,,38,12,39,,,2,,41,34,,35,161,,61,0,,,,45,42,,18,,0,,,2,54,277,,,93,0,67,74,,4,4,,0,14,,
5,,26,11,41,36,,,,35,30,,52,115,64,,48,94,,97,28,,,,,7,,0,,137,,5,16,0,,0,238,60,,,,,92,97,25,,19,,71,26,,16,,,128,37,,80,106,14,7,,,33,,8,,,,138,,,,9,66,0,3,21,,,3,11,,20,,,,47,39,21,40,55,,385,13,74,11,167,250,,20,,40,41,16,,12,0,,17,14,,,,65,186,,2,,39,,4,5,,11,65,22,,,27,,50,,,,,61,,76,,64,16,,85,12,17,,68,,9,55,15,49,117,30,64,43,53,5,,,,25,,67,20,34,,,2,,7,22,,34,130,,113,9,,,,78,116,,12,,35,,,0,0,289,,,107,13,48,105,,27,24,,0,5,,
6,,43,15,0,43,,,,86,4,,49,143,25,,1,58,,43,47,,,,,18,,48,,193,,6,19,42,,1,46,120,,,,,103,259,71,,24,,76,21,,17,,,23,27,,96,257,46,24,,,9,,4,,,,190,,,,17,138,0,4,35,,,2,13,,30,,,,3,35,48,89,82,,523,16,191,8,6,238,,22,,23,15,14,,6,72,,24,67,,,,25,128,,2,,41,,23,10,,15,51,32,,,13,,70,,,,,121,,78,,68,20,,212,13,151,,32,,5,45,28,68,194,62,38,17,132,3,,,,0,,36,13,27,,,5,,6,11,,128,254,,56,5,,,,136,152,,30,,154,,,2,51,293,,,62,0,52,95,,28,14,,16,16,,
7,,0,11,104,41,,,,115,71,,77,151,61,,3,139,,170,85,,,,,26,,28,,283,,1,22,24,,4,95,145,,,,,95,441,72,,30,,36,36,,35,,,48,84,,93,192,29,10,,,16,,11,,,,103,,,,14,284,43,2,31,,,3,16,,18,,,,42,39,3,119,141,,835,21,126,32,244,240,,24,,24,8,7,,11,12,,23,18,,,,59,77,,1,,190,,19,2,,17,38,32,,,19,,13,,,,,111,,60,,28,22,,132,18,138,,98,,4,32,0,70,143,74,3,31,0,5,,,,0,,118,15,54,,,13,,13,33,,155,449,,159,0,,,,158,212,,21,,233,,,0,34,343,,,69,45,83,121,,21,3,,0,54,,
8,,35,20,45,26,,,,87,25,,79,205,41,,7,182,,136,160,,,,,11,,66,,224,,2,22,15,,0,8,121,,,,,114,665,92,,32,,77,19,,16,,,57,65,,138,101,9,0,,,23,,4,,,,410,,,,8,163,9,0,46,,,0,18,,38,,,,4,43,80,53,64,,586,19,102,11,35,561,,20,,9,38,5,,17,42,,36,19,,,,36,224,,6,,125,,26,5,,10,70,35,,,8,,121,,,,,190,,76,,53,6,,0,21,103,,145,,1,21,150,111,235,23,10,59,57,2,,,,36,,119,5,81,,,8,,12,22,,152,427,,615,2,,,,155,267,,19,,122,,,3,50,561,,,245,50,134,200,,0,37,,8,5,,
9,,29,16,57,36,,,,101,39,,111,156,43,,16,209,,161,130,,,,,16,,30,,418,,2,29,27,,0,27,156,,,,,176,787,21,,32,,91,32,,32,,,92,72,,140,129,33,5,,,20,,9,,,,286,,,,15,55,1,0,31,,,1,21,,0,,,,30,65,79,70,65,,591,33,121,25,171,347,,9,,6,74,5,,12,10,,25,37,,,,90,234,,0,,120,,8,11,,31,110,55,,,8,,77,,,,,155,,95,,38,16,,286,0,104,,86,,13,142,0,98,260,38,8,66,163,6,,,,0,,51,12,73,,,12,,10,42,,218,909,,435,21,,,,149,238,,17,,106,,,1,32,1196,,,10,85,117,271,,66,39,,1,1,,
10,,38,18,73,6,,,,55,43,,144,316,78,,19,219,,205,197,,,,,54,,60,,345,,2,38,0,,0,45,125,,,,,220,1753,48,,19,,71,30,,58,,,91,156,,42,192,39,13,,,26,,1,,,,372,,,,7,237,9,0,35,,,1,22,,69,,,,7,39,64,87,107,,1234,50,219,2,188,466,,15,,4,0,2,,1,18,,71,29,,,,0,120,,4,,117,,22,21,,17,132,70,,,3,,61,,,,,176,,0,,19,22,,170,46,66,,112,,12,22,82,115,320,60,10,143,182,1,,,,21,,205,12,202,,,10,,69,31,,243,595,,501,5,,,,108,841,,15,,107,,,0,61,2069,,,183,0,433,287,,5,76,,0,0,,
11,,30,27,263,14,,,,75,52,,165,314,63,,13,341,,420,199,,,,,4,,51,,310,,0,15,14,,1,0,331,,,,,164,1466,69,,16,,56,46,,36,,,36,141,,208,224,76,13,,,17,,4,,,,497,,,,16,157,0,2,94,,,0,32,,44,,,,7,45,95,75,104,,1076,30,204,14,371,587,,0,,21,71,6,,2,41,,0,35,,,,49,152,,0,,110,,12,7,,24,131,82,,,5,,37,,,,,278,,76,,22,12,,92,21,140,,115,,2,55,90,152,460,47,11,186,196,7,,,,10,,133,3,82,,,6,,0,28,,17,686,,864,3,,,,89,0,,16,,111,,,0,0,1704,,,109,72,251,351,,11,55,,0,6,,
12,,56,29,0,38,,,,146,0,,224,550,57,,16,266,,495,158,,,,,8,,68,,232,,2,13,43,,2,73,128,,,,,304,1740,94,,17,,77,61,,40,,,104,0,,175,208,14,11,,,35,,4,,,,595,,,,8,271,73,2,71,,,0,5,,41,,,,31,33,20,149,103,,743,36,235,0,488,769,,14,,0,139,11,,4,38,,22,23,,,,48,226,,0,,130,,,7,,5,145,86,,,6,,54,,,,,292,,49,,14,17,,139,73,0,,88,,13,36,84,150,302,63,13,144,228,2,,,,5,,112,4,0,,,12,,41,38,,93,600,,1227,8,,,,46,450,,23,,91,,,1,40,1815,,,155,63,152,511,,18,107,,4,4,,
13,,61,28,139,11,,,,0,58,,611,453,76,,21,306,,245,243,,,,,24,,54,,482,,0,40,19,,1,17,216,,,,,299,1980,96,,28,,77,58,,30,,,71,114,,96,55,39,17,,,134,,2,,,,785,,,,15,802,0,0,48,,,1,22,,34,,,,39,60,60,106,153,,595,76,255,12,439,778,,49,,24,34,8,,13,42,,48,21,,,,68,119,,,,153,,,11,,41,101,161,,,9,,0,,,,,346,,52,,25,13,,115,48,211,,86,,0,181,71,170,633,42,7,123,270,2,,,,1,,92,11,159,,,9,,0,48,,46,516,,1522,7,,,,134,360,,0,,0,,,0,58,1610,,,68,0,407,777,,0,51,,11,0,,
14,,37,16,314,27,,,,167,50,,114,375,105,,28,312,,352,309,,,,,30,,46,,502,,0,23,20,,1,0,313,,,,,230,2095,108,,21,,96,49,,20,,,69,0,,108,76,41,7,,,37,,2,,,,838,,,,15,693,26,0,78,,,0,,,39,,,,10,38,89,92,109,,881,48,302,30,297,1247,,32,,22,55,9,,17,11,,12,26,,,,122,38,,,,123,,,21,,4,121,112,,,2,,211,,,,,409,,48,,18,5,,129,0,118,,106,,28,98,96,168,549,63,25,263,302,5,,,,5,,99,7,160,,,13,,27,49,,27,438,,2000,12,,,,122,878,,16,,109,,,0,21,2704,,,143,143,680,823,,31,27,,7,1,,
15,,34,6,20,35,,,,0,39,,600,607,104,,5,492,,341,462,,,,,24,,31,,487,,0,35,30,,1,0,1426,,,,,310,2590,159,,20,,48,56,,19,,,65,99,,90,336,40,,,,65,,0,,,,924,,,,28,733,65,0,71,,,0,,,0,,,,1,55,65,180,130,,958,41,294,5,369,1492,,59,,4,43,9,,10,19,,35,8,,,,0,190,,,,212,,,7,,1,163,101,,,9,,102,,,,,534,,39,,12,20,,190,38,99,,136,,0,115,272,249,724,109,11,160,501,1,,,,0,,26,6,111,,,14,,37,55,,27,518,,1438,7,,,,200,952,,17,,143,,,0,22,2148,,,206,53,647,887,,17,42,,1,1,,
16,,52,17,103,25,,,,132,92,,376,855,65,,51,434,,362,558,,,,,43,,32,,352,,0,28,29,,2,35,633,,,,,289,2812,96,,19,,68,49,,29,,,131,,,167,456,33,,,,39,,2,,,,1210,,,,6,1043,0,0,74,,,0,,,102,,,,4,55,88,146,129,,1075,83,200,8,584,1797,,47,,0,38,12,,20,17,,16,17,,,,40,141,,,,106,,,52,,5,132,91,,,5,,99,,,,,637,,32,,9,30,,184,27,414,,158,,4,258,343,224,902,6,12,308,440,3,,,,1,,224,15,305,,,12,,26,59,,82,483,,1987,4,,,,123,1237,,0,,263,,,0,27,2456,,,224,0,706,1766,,14,172,,4,4,,
17,,58,9,45,19,,,,186,73,,367,796,67,,29,,,447,586,,,,,44,,86,,323,,0,18,5,,0,0,657,,,,,293,3237,106,,19,,47,57,,32,,,133,,,83,405,47,,,,36,,1,,,,1097,,,,42,1174,30,0,95,,,0,,,43,,,,10,11,73,568,114,,1289,64,295,1,628,977,,33,,9,40,16,,11,23,,24,16,,,,32,168,,,,172,,,6,,0,178,118,,,15,,64,,,,,573,,26,,7,34,,206,62,252,,198,,2,91,666,193,792,20,13,192,771,0,,,,6,,110,13,148,,,17,,24,39,,43,367,,2538,1,,,,160,894,,16,,0,,,0,20,2786,,,311,360,1035,2988,,6,69,,4,6,,
18,,49,7,104,19,,,,103,34,,212,606,40,,39,,,476,342,,,,,24,,35,,1138,,1,28,36,,0,0,711,,,,,373,3872,139,,13,,56,40,,38,,,153,,,128,205,54,,,,30,,0,,,,1404,,,,22,1144,158,,95,,,,,,66,,,,12,73,57,336,149,,1365,0,325,2,226,2313,,26,,14,81,8,,23,17,,9,15,,,,37,125,,,,235,,,38,,0,202,115,,,0,,91,,,,,545,,23,,0,35,,239,53,0,,128,,5,181,0,256,446,51,28,293,601,3,,,,9,,157,2,284,,,23,,21,33,,80,248,,3431,7,,,,110,1044,,8,,120,,,1,28,3013,,,308,0,665,4835,,9,133,,0,0,,
19,,70,17,94,19,,,,74,52,,431,1141,50,,8,,,575,526,,,,,28,,59,,1119,,0,18,13,,0,161,869,,,,,333,3727,79,,16,,40,48,,31,,,169,,,155,97,69,,,,34,,0,,,,1861,,,,18,1042,0,,56,,,,,,,,,,7,78,66,601,113,,1209,78,212,7,443,2651,,54,,0,218,11,,28,48,,6,0,,,,32,117,,,,130,,,13,,0,253,149,,,4,,99,,,,,811,,23,,,51,,195,214,0,,187,,,151,227,243,1035,69,44,215,582,,,,,6,,165,11,292,,,47,,14,51,,70,131,,2833,2,,,,256,774,,0,,104,,,,14,3135,,,266,481,967,5374,,9,167,,6,4,,
20,,10,13,95,18,,,,87,11,,284,668,49,,7,,,0,668,,,,,27,,26,,1074,,0,28,18,,0,0,1169,,,,,424,3160,94,,19,,60,48,,21,,,155,,,238,181,0,,,,79,,0,,,,1617,,,,6,5940,70,,102,,,,,,,,,,16,85,49,472,196,,1053,0,402,,675,2547,,51,,9,88,0,,25,14,,29,26,,,,43,75,,,,159,,,20,,0,296,122,,,1,,74,,,,,852,,20,,,49,,350,97,159,,112,,,535,322,392,808,25,59,278,658,,,,,8,,0,8,247,,,32,,49,27,,31,242,,4946,11,,,,238,925,,10,,103,,,,22,3148,,,325,294,1427,7123,,32,137,,8,2,,
21,,51,21,64,21,,,,80,20,,464,594,56,,27,,,0,1298,,,,,44,,47,,1146,,0,16,13,,0,0,1112,,,,,310,3418,201,,37,,61,61,,17,,,194,,,271,101,206,,,,103,,0,,,,1847,,,,8,4049,5,,61,,,,,,,,,,15,210,85,693,106,,1178,106,424,,661,3497,,56,,8,64,,,0,22,,12,7,,,,44,39,,,,150,,,8,,0,346,102,,,4,,97,,,,,1019,,14,,,85,,240,0,827,,149,,,280,385,437,783,50,88,445,954,,,,,7,,294,15,219,,,40,,47,56,,63,114,,3646,8,,,,296,1000,,3,,191,,,,19,3892,,,270,277,1452,8459,,17,78,,4,1,,
22,,63,8,89,16,,,,99,28,,150,522,30,,15,,,1485,1049,,,,,34,,59,,1222,,0,31,14,,0,1,1059,,,,,344,2607,274,,19,,64,63,,29,,,182,,,139,248,85,,,,57,,0,,,,1559,,,,6,3276,0,,139,,,,,,,,,,15,120,99,354,181,,1192,83,331,,1176,2823,,62,,2,139,,,137,22,,23,14,,,,54,127,,,,156,,,6,,1,396,50,,,1,,116,,,,,1172,,15,,,38,,425,109,587,,279,,,393,76,244,852,95,54,430,1154,,,,,11,,206,21,201,,,47,,101,37,,96,110,,4517,15,,,,240,1390,,3,,51,,,,21,4117,,,789,283,2129,11236,,21,70,,4,4,,
23,,88,19,69,8,,,,81,40,,269,805,57,,52,,,459,1850,,,,,11,,21,,852,,0,11,1,,0,146,1673,,,,,301,2974,169,,19,,88,49,,33,,,283,,,208,455,3,,,,79,,0,,,,3838,,,,,3311,0,,99,,,,,,,,,,5,100,45,773,218,,1046,70,507,,590,4000,,43,,6,121,,,77,,,18,7,,,,9,64,,,,0,,,9,,3,260,222,,,,,102,,,,,1159,,8,,,117,,264,50,208,,224,,,1388,152,475,638,39,114,251,1175,,,,,2,,138,7,238,,,23,,19,43,,89,107,,6584,4,,,,401,1048,,1,,38,,,,33,4056,,,301,300,2885,8789,,7,45,,7,3,,
24,,35,24,87,13,,,,162,16,,248,564,33,,2,,,,1702,,,,,,,45,,926,,0,26,14,,0,,1251,,,,,430,2490,250,,18,,39,52,,20,,,247,,,200,515,249,,,,11,,0,,,,2446,,,,,4438,193,,60,,,,,,,,,,17,48,53,540,247,,1237,0,253,,412,3526,,34,,4,63,,,109,,,21,27,,,,8,81,,,,282,,,6,,0,403,115,,,,,125,,,,,1104,,6,,,,,257,111,250,,222,,,914,414,311,754,0,0,193,1459,,,,,29,,272,8,275,,,54,,14,20,,69,76,,7937,1,,,,253,1122,,0,,111,,,,42,4747,,,644,331,2546,13963,,11,70,,23,9,,
25,,61,21,90,14,,,,66,30,,324,529,25,,74,,,,1063,,,,,,,27,,1661,,0,14,8,,0,,1363,,,,,426,2028,236,,17,,66,50,,20,,,279,,,119,2196,238,,,,41,,0,,,,2931,,,,,2342,208,,62,,,,,,,,,,16,54,69,678,218,,966,171,345,,474,4207,,10,,1,81,,,78,,,4,7,,,,0,108,,,,208,,,13,,0,375,105,,,,,136,,,,,884,,6,,,,,124,86,279,,260,,,641,104,435,452,,376,360,1786,,,,,25,,137,17,250,,,49,,13,24,,25,74,,8578,6,,,,328,1138,,5,,54,,,,42,5138,,,343,370,2433,16797,,9,92,,0,1,,
26,,,9,108,9,,,,69,46,,139,418,38,,0,,,,876,,,,,,,52,,2210,,1,10,11,,0,,1614,,,,,529,15141,67,,6,,50,,,0,,,371,,,328,96,139,,,,36,,0,,,,3922,,,,,4954,0,,20,,,,,,,,,,,67,76,1035,337,,1028,30,515,,344,5322,,5,,5,214,,,112,,,2,27,,,,21,47,,,,217,,,10,,,442,110,,,,,259,,,,,845,,2,,,,,221,242,187,,166,,,951,106,357,712,,279,344,1667,,,,,11,,355,10,424,,,10,,14,34,,145,84,,7871,10,,,,407,696,,3,,50,,,,2,4789,,,261,376,2619,18695,,12,35,,29,0,,
27,,,14,150,14,,,,160,26,,57,396,44,,45,,,,1189,,,,,,,58,,1930,,1,28,5,,,,1157,,,,,426,4156,76,,8,,54,,,26,,,320,,,141,209,95,,,,22,,0,,,,3809,,,,,5780,0,,77,,,,,,,,,,,73,24,909,219,,1411,47,1169,,156,5986,,44,,6,76,,,55,,,9,10,,,,58,11,,,,150,,,4,,,353,87,,,,,281,,,,,1019,,8,,,,,218,0,250,,72,,,671,206,370,699,,228,441,2186,,,,,12,,364,35,411,,,26,,27,36,,99,93,,8189,41,,,,512,962,,5,,45,,,,13,4093,,,415,387,3009,19979,,6,,,0,1,,
28,,,22,117,8,,,,0,72,,100,241,,,12,,,,1384,,,,,,,44,,1781,,0,34,19,,,,1230,,,,,286,2538,127,,16,,37,,,6,,,292,,,371,63,145,,,,51,,0,,,,4611,,,,,6294,,,52,,,,,,,,,,,111,30,796,330,,1762,39,696,,564,6557,,77,,4,,,,83,,,9,11,,,,90,11,,,,179,,,1,,,385,121,,,,,121,,,,,1083,,4,,,,,270,,336,,102,,,0,0,380,815,,225,265,2558,,,,,0,,382,,408,,,138,,66,33,,143,152,,6549,9,,,,519,1124,,2,,33,,,,5,4062,,,467,398,4324,18360,,13,,,29,0,,
29,,,25,94,9,,,,128,48,,112,217,,,56,,,,1422,,,,,,,15,,1089,,0,53,,,,,1391,,,,,312,2007,126,,7,,50,,,5,,,312,,,209,74,126,,,,46,,1,,,,2599,,,,,3965,,,71,,,,,,,,,,,71,32,1211,399,,2206,34,839,,440,5560,,57,,8,,,,161,,,7,2,,,,59,15,,,,131,,,4,,,448,76,,,,,170,,,,,1026,,7,,,,,273,,342,,177,,,2784,352,401,1516,,153,523,2774,,,,,0,,429,,445,,,71,,28,36,,91,87,,6398,6,,,,612,1033,,0,,28,,,,17,4281,,,,412,4244,21595,,18,,,,0,,
30,,,,89,4,,,,98,42,,96,314,,,55,,,,1661,,,,,,,31,,1442,,,46,,,,,1474,,,,,392,2052,128,,6,,23,,,12,,,390,,,345,255,125,,,,5,,0,,,,4376,,,,,4751,,,56,,,,,,,,,,,82,27,1075,316,,2389,26,727,,335,4789,,39,,0,,,,80,,,30,9,,,,28,66,,,,170,,,12,,,450,66,,,,,191,,,,,904,,2,,,,,302,,272,,265,,,1172,220,318,515,,166,310,3388,,,,,16,,472,,372,,,41,,114,28,,99,147,,9222,,,,,365,974,,0,,34,,,,,4801,,,,432,4450,24998,,18,,,,0,,
31,,,,93,0,,,,170,47,,100,343,,,12,,,,1260,,,,,,,40,,1261,,,32,,,,,1385,,,,,356,1890,206,,5,,18,,,,,,331,,,284,367,160,,,,23,,0,,,,7578,,,,,4615,,,70,,,,,,,,,,,68,14,942,282,,2926,22,992,,402,5249,,43,,,,,,66,,,15,17,,,,24,71,,,,156,,,,,,578,,,,,,163,,,,,1224,,6,,,,,130,,517,,194,,,1016,284,260,598,,136,333,3448,,,,,20,,435,,304,,,0,,72,17,,178,98,,7719,,,,,387,821,,0,,30,,,,,4353,,,,460,3735,27103,,4,,,,0,,
32,,,,,,,,,102,43,,86,329,,,64,,,,1123,,,,,,,,,1832,,,37,,,,,1168,,,,,534,1750,182,,2,,39,,,,,,233,,,80,225,155,,,,41,,,,,,4861,,,,,5453,,,33,,,,,,,,,,,114,12,1007,297,,3076,15,832,,441,5210,,39,,,,,,55,,,12,5,,,,20,36,,,,109,,,,,,622,,,,,,,,,,,952,,,,,,,115,,520,,63,,,998,291,268,349,,216,246,4070,,,,,34,,493,,324,,,35,,40,7,,251,64,,8102,,,,,376,552,,3,,29,,,,,3783,,,,0,5903,28819,,10,,,,,,
33,,,,,,,,,90,48,,51,279,,,111,,,,1380,,,,,,,,,3058,,,14,,,,,1064,,,,,445,394,171,,7,,10,,,,,,184,,,,572,168,,,,29,,,,,,2116,,,,,6156,,,31,,,,,,,,,,,70,10,991,380,,2901,19,1068,,460,6153,,65,,,,,,50,,,9,5,,,,,57,,,,118,,,,,,764,,,,,,,,,,,777,,,,,,,108,,456,,194,,,931,230,380,514,,251,337,4785,,,,,9,,518,,312,,,121,,72,8,,124,76,,7472,,,,,487,590,,22,,28,,,,,3977,,,,477,3802,32425,,11,,,,,,
34,,,,,,,,,112,62,,33,312,,,42,,,,1209,,,,,,,,,2105,,,46,,,,,1298,,,,,478,891,185,,,,27,,,,,,177,,,,446,171,,,,32,,,,,,5233,,,,,6174,,,25,,,,,,,,,,,,9,1334,407,,3186,48,724,,455,5959,,75,,,,,,119,,,,4,,,,,13,,,,184,,,,,,511,,,,,,,,,,,969,,,,,,,147,,512,,191,,,1208,207,336,643,,252,491,6060,,,,,20,,762,,260,,,49,,12,28,,142,100,,7026,,,,,726,546,,2,,0,,,,,4674,,,,479,3634,34272,,,,,,,,
35,,,,,,,,,,72,,44,247,,,96,,,,1580,,,,,,,,,3257,,,,,,,,1383,,,,,358,826,172,,,,,,,,,,178,,,,660,188,,,,25,,,,,,4267,,,,,6082,,,22,,,,,,,,,,,,7,1553,325,,3111,0,709,,257,5974,,96,,,,,,134,,,,1,,,,,8,,,,153,,,,,,729,,,,,,,,,,,1213,,,,,,,150,,425,,163,,,697,218,461,750,,197,360,4268,,,,,6,,1132,,,,,65,,26,20,,165,104,,6023,,,,,722,785,,3,,33,,,,,4611,,,,484,5491,25398,,,,,,,,
36,,,,,,,,,,,,50,130,,,225,,,,1684,,,,,,,,,2917,,,,,,,,1318,,,,,419,647,,,,,,,,,,,144,,,,270,112,,,,53,,,,,,1873,,,,,5936,,,15,,,,,,,,,,,,12,1335,327,,2987,57,778,,224,5217,,135,,,,,,94,,,,4,,,,,60,,,,134,,,,,,,,,,,,,,,,,1335,,,,,,,84,,798,,,,,1512,209,363,181,,283,351,5642,,,,,1,,1088,,,,,75,,,36,,,91,,4273,,,,,544,733,,,,32,,,,,,,,,490,4344,30561,,,,,,,,
37,,,,,,,,,,,,42,106,,,167,,,,1351,,,,,,,,,2055,,,,,,,,1717,,,,,325,218,,,,,,,,,,,193,,,,,189,,,,16,,,,,,3912,,,,,3677,,,0,,,,,,,,,,,,15,1384,185,,2875,35,493,,283,4050,,194,,,,,,163,,,,0,,,,,,,,,170,,,,,,,,,,,,,,,,,1316,,,,,,,76,,533,,,,,,172,545,663,,392,328,,,,,,14,,1122,,,,,120,,,13,,,146,,5478,,,,,466,592,,,,27,,,,,,,,,,5195,30613,,,,,,,,
38,,,,,,,,,,,,39,191,,,145,,,,1629,,,,,,,,,1927,,,,,,,,1791,,,,,,515,,,,,,,,,,,170,,,,,157,,,,7,,,,,,3777,,,,,3834,,,0,,,,,,,,,,,,6,,375,,0,28,401,,226,4053,,173,,,,,,80,,,,,,,,,,,,,85,,,,,,,,,,,,,,,,,1174,,,,,,,95,,,,,,,,200,306,521,,560,190,,,,,,,,1147,,,,,66,,,13,,,105,,6180,,,,,332,400,,,,19,,,,,,,,,,8719,33323,,,,,,,,
39,,,,,,,,,,,,36,136,,,27,,,,942,,,,,,,,,2498,,,,,,,,1469,,,,,,410,,,,,,,,,,,198,,,,,,,,,17,,,,,,3881,,,,,4003,,,28,,,,,,,,,,,,11,,,,5275,,388,,222,4782,,87,,,,,,85,,,,,,,,,,,,,110,,,,,,,,,,,,,,,,,964,,,,,,,73,,,,,,,,140,263,657,,345,306,,,,,,,,,,,,,106,,,5,,,78,,5756,,,,,465,279,,,,,,,,,,,,,,5288,33901,,,,,,,,
40,,,,,,,,,,,,53,78,,,44,,,,530,,,,,,,,,,,,,,,,,1436,,,,,,439,,,,,,,,,,,194,,,,,,,,,,,,,,,4286,,,,,4974,,,10,,,,,,,,,,,,2,,,,2483,,,,229,4668,,0,,,,,,,,,,,,,,,,,,,69,,,,,,,,,,,,,,,,,868,,,,,,,78,,,,,,,,,,516,,440,,,,,,,,,,,,,,142,,,5,,,125,,4576,,,,,497,254,,,,,,,,,,,,,,4342,35527,,,,,,,,
41,,,,,,,,,,,,26,155,,,29,,,,2454,,,,,,,,,,,,,,,,,2046,,,,,,329,,,,,,,,,,,169,,,,,,,,,,,,,,,4342,,,,,5323,,,156,,,,,,,,,,,,5,,,,2274,,,,,4585,,225,,,,,,,,,,,,,,,,,,,54,,,,,,,,,,,,,,,,,734,,,,,,,111,,,,,,,,,,,,567,,,,,,,,,,,,,,286,,,,,,0,,4830,,,,,482,583,,,,,,,,,,,,,,5252,28391,,,,,,,,
42,,,,,,,,,,,,13,59,,,100,,,,1236,,,,,,,,,,,,,,,,,1590,,,,,,428,,,,,,,,,,,142,,,,,,,,,,,,,,,3114,,,,,4133,,,,,,,,,,,,,,,,,,,2089,,,,,4805,,439,,,,,,,,,,,,,,,,,,,84,,,,,,,,,,,,,,,,,1061,,,,,,,114,,,,,,,,,,,,518,,,,,,,,,,,,,,0,,,,,,190,,4167,,,,,613,315,,,,,,,,,,,,,,4603,27620,,,,,,,,
43,,,,,,,,,,,,22,48,,,34,,,,1329,,,,,,,,,,,,,,,,,,,,,,,574,,,,,,,,,,,131,,,,,,,,,,,,,,,1613,,,,,2821,,,,,,,,,,,,,,,,,,,1997,,,,,4316,,318,,,,,,,,,,,,,,,,,,,36,,,,,,,,,,,,,,,,,1235,,,,,,,0,,,,,,,,,,,,,,,,,,,,,,,,,,390,,,,,,86,,3477,,,,,676,346,,,,,,,,,,,,,,4617,25023,,,,,,,,
44,,,,,,,,,,,,,73,,,66,,,,1045,,,,,,,,,,,,,,,,,,,,,,,205,,,,,,,,,,,180,,,,,,,,,,,,,,,2673,,,,,2537,,,,,,,,,,,,,,,,,,,1634,,,,,3599,,336,,,,,,,,,,,,,,,,,,,57,,,,,,,,,,,,,,,,,1140,,,,,,,193,,,,,,,,,,,,,,,,,,,,,,,,,,233,,,,,,94,,3045,,,,,606,325,,,,,,,,,,,,,,5599,26922,,,,,,,,
45,,,,,,,,,,,,,50,,,,,,,1313,,,,,,,,,,,,,,,,,,,,,,,127,,,,,,,,,,,,,,,,,,,,,,,,,,5497,,,,,2082,,,,,,,,,,,,,,,,,,,1972,,,,,3039,,383,,,,,,,,,,,,,,,,,,,,,,,,,,,,,,,,,,,,1066,,,,,,,84,,,,,,,,,,,,,,,,,,,,,,,,,,386,,,,,,81,,5092,,,,,563,336,,,,,,,,,,,,,,5525,30148,,,,,,,,
46,,,,,,,,,,,,,,,,,,,,1487,,,,,,,,,,,,,,,,,,,,,,,119,,,,,,,,,,,,,,,,,,,,,,,,,,2633,,,,,2486,,,,,,,,,,,,,,,,,,,1837,,,,,3836,,163,,,,,,,,,,,,,,,,,,,,,,,,,,,,,,,,,,,,750,,,,,,,45,,,,,,,,,,,,,,,,,,,,,,,,,,334,,,,,,47,,5183,,,,,392,168,,,,,,,,,,,,,,5850,31667,,,,,,,,
47,,,,,,,,,,,,,,,,,,,,973,,,,,,,,,,,,,,,,,,,,,,,117,,,,,,,,,,,,,,,,,,,,,,,,,,2641,,,,,2866,,,,,,,,,,,,,,,,,,,1657,,,,,4204,,89,,,,,,,,,,,,,,,,,,,,,,,,,,,,,,,,,,,,729,,,,,,,53,,,,,,,,,,,,,,,,,,,,,,,,,,447,,,,,,47,,5252,,,,,545,155,,,,,,,,,,,,,,4676,30833,,,,,,,,
48,,,,,,,,,,,,,,,,,,,,,,,,,,,,,,,,,,,,,,,,,,,170,,,,,,,,,,,,,,,,,,,,,,,,,,405,,,,,3380,,,,,,,,,,,,,,,,,,,1617,,,,,3951,,351,,,,,,,,,,,,,,,,,,,,,,,,,,,,,,,,,,,,,,,,,,,,,,,,,,,,,,,,,,,,,,,,,,,,,728,,,,,,53,,3658,,,,,,,,,,,,,,,,,,,,4301,32922,,,,,,,,
49,,,,,,,,,,,,,,,,,,,,,,,,,,,,,,,,,,,,,,,,,,,101,,,,,,,,,,,,,,,,,,,,,,,,,,2569,,,,,3609,,,,,,,,,,,,,,,,,,,1574,,,,,4694,,410,,,,,,,,,,,,,,,,,,,,,,,,,,,,,,,,,,,,,,,,,,,,,,,,,,,,,,,,,,,,,,,,,,,,,623,,,,,,39,,4218,,,,,,,,,,,,,,,,,,,,,24601,,,,,,,,
50,,,,,,,,,,,,,,,,,,,,,,,,,,,,,,,,,,,,,,,,,,,46,,,,,,,,,,,,,,,,,,,,,,,,,,785,,,,,2458,,,,,,,,,,,,,,,,,,,1512,,,,,4092,,680,,,,,,,,,,,,,,,,,,,,,,,,,,,,,,,,,,,,,,,,,,,,,,,,,,,,,,,,,,,,,,,,,,,,,942,,,,,,27,,4266,,,,,,,,,,,,,,,,,,,,,28065,,,,,,,,
51,,,,,,,,,,,,,,,,,,,,,,,,,,,,,,,,,,,,,,,,,,,45,,,,,,,,,,,,,,,,,,,,,,,,,,2051,,,,,1775,,,,,,,,,,,,,,,,,,,1606,,,,,3153,,1401,,,,,,,,,,,,,,,,,,,,,,,,,,,,,,,,,,,,,,,,,,,,,,,,,,,,,,,,,,,,,,,,,,,,,596,,,,,,0,,3968,,,,,,,,,,,,,,,,,,,,,37289,,,,,,,,
52,,,,,,,,,,,,,,,,,,,,,,,,,,,,,,,,,,,,,,,,,,,20,,,,,,,,,,,,,,,,,,,,,,,,,,2667,,,,,1785,,,,,,,,,,,,,,,,,,,1499,,,,,2972,,507,,,,,,,,,,,,,,,,,,,,,,,,,,,,,,,,,,,,,,,,,,,,,,,,,,,,,,,,,,,,,,,,,,,,,0,,,,,,62,,,,,,,,,,,,,,,,,,,,,,,,,,,,,,,
53,,,,,,,,,,,,,,,,,,,,,,,,,,,,,,,,,,,,,,,,,,,29,,,,,,,,,,,,,,,,,,,,,,,,,,,,,,,2237,,,,,,,,,,,,,,,,,,,1374,,,,,2667,,390,,,,,,,,,,,,,,,,,,,,,,,,,,,,,,,,,,,,,,,,,,,,,,,,,,,,,,,,,,,,,,,,,,,,,2537,,,,,,25,,,,,,,,,,,,,,,,,,,,,,,,,,,,,,,
54,,,,,,,,,,,,,,,,,,,,,,,,,,,,,,,,,,,,,,,,,,,24,,,,,,,,,,,,,,,,,,,,,,,,,,,,,,,,,,,,,,,,,,,,,,,,,,1343,,,,,3786,,455,,,,,,,,,,,,,,,,,,,,,,,,,,,,,,,,,,,,,,,,,,,,,,,,,,,,,,,,,,,,,,,,,,,,,,,,,,,27,,,,,,,,,,,,,,,,,,,,,,,,,,,,,,,
55,,,,,,,,,,,,,,,,,,,,,,,,,,,,,,,,,,,,,,,,,,,22,,,,,,,,,,,,,,,,,,,,,,,,,,,,,,,,,,,,,,,,,,,,,,,,,,1294,,,,,3493,,482,,,,,,,,,,,,,,,,,,,,,,,,,,,,,,,,,,,,,,,,,,,,,,,,,,,,,,,,,,,,,,,,,,,,,,,,,,,27,,,,,,,,,,,,,,,,,,,,,,,,,,,,,,,
56,,,,,,,,,,,,,,,,,,,,,,,,,,,,,,,,,,,,,,,,,,,19,,,,,,,,,,,,,,,,,,,,,,,,,,,,,,,,,,,,,,,,,,,,,,,,,,1297,,,,,3491,,585,,,,,,,,,,,,,,,,,,,,,,,,,,,,,,,,,,,,,,,,,,,,,,,,,,,,,,,,,,,,,,,,,,,,,,,,,,,22,,,,,,,,,,,,,,,,,,,,,,,,,,,,,,,
57,,,,,,,,,,,,,,,,,,,,,,,,,,,,,,,,,,,,,,,,,,,22,,,,,,,,,,,,,,,,,,,,,,,,,,,,,,,,,,,,,,,,,,,,,,,,,,,,,,,3047,,628,,,,,,,,,,,,,,,,,,,,,,,,,,,,,,,,,,,,,,,,,,,,,,,,,,,,,,,,,,,,,,,,,,,,,,,,,,,22,,,,,,,,,,,,,,,,,,,,,,,,,,,,,,,
58,,,,,,,,,,,,,,,,,,,,,,,,,,,,,,,,,,,,,,,,,,,25,,,,,,,,,,,,,,,,,,,,,,,,,,,,,,,,,,,,,,,,,,,,,,,,,,,,,,,2256,,566,,,,,,,,,,,,,,,,,,,,,,,,,,,,,,,,,,,,,,,,,,,,,,,,,,,,,,,,,,,,,,,,,,,,,,,,,,,18,,,,,,,,,,,,,,,,,,,,,,,,,,,,,,,
59,,,,,,,,,,,,,,,,,,,,,,,,,,,,,,,,,,,,,,,,,,,43,,,,,,,,,,,,,,,,,,,,,,,,,,,,,,,,,,,,,,,,,,,,,,,,,,,,,,,2729,,390,,,,,,,,,,,,,,,,,,,,,,,,,,,,,,,,,,,,,,,,,,,,,,,,,,,,,,,,,,,,,,,,,,,,,,,,,,,8,,,,,,,,,,,,,,,,,,,,,,,,,,,,,,,
60,,,,,,,,,,,,,,,,,,,,,,,,,,,,,,,,,,,,,,,,,,,23,,,,,,,,,,,,,,,,,,,,,,,,,,,,,,,,,,,,,,,,,,,,,,,,,,,,,,,,,367,,,,,,,,,,,,,,,,,,,,,,,,,,,,,,,,,,,,,,,,,,,,,,,,,,,,,,,,,,,,,,,,,,,,,,,,,,,13,,,,,,,,,,,,,,,,,,,,,,,,,,,,,,,
61,,,,,,,,,,,,,,,,,,,,,,,,,,,,,,,,,,,,,,,,,,,44,,,,,,,,,,,,,,,,,,,,,,,,,,,,,,,,,,,,,,,,,,,,,,,,,,,,,,,,,378,,,,,,,,,,,,,,,,,,,,,,,,,,,,,,,,,,,,,,,,,,,,,,,,,,,,,,,,,,,,,,,,,,,,,,,,,,,9,,,,,,,,,,,,,,,,,,,,,,,,,,,,,,,
62,,,,,,,,,,,,,,,,,,,,,,,,,,,,,,,,,,,,,,,,,,,99,,,,,,,,,,,,,,,,,,,,,,,,,,,,,,,,,,,,,,,,,,,,,,,,,,,,,,,,,,,,,,,,,,,,,,,,,,,,,,,,,,,,,,,,,,,,,,,,,,,,,,,,,,,,,,,,,,,,,,,,,,,,,,,,,,,,11,,,,,,,,,,,,,,,,,,,,,,,,,,,,,,,
63,,,,,,,,,,,,,,,,,,,,,,,,,,,,,,,,,,,,,,,,,,,52,,,,,,,,,,,,,,,,,,,,,,,,,,,,,,,,,,,,,,,,,,,,,,,,,,,,,,,,,,,,,,,,,,,,,,,,,,,,,,,,,,,,,,,,,,,,,,,,,,,,,,,,,,,,,,,,,,,,,,,,,,,,,,,,,,,,,,,,,,,,,,,,,,,,,,,,,,,,,,,,,,,
64,,,,,,,,,,,,,,,,,,,,,,,,,,,,,,,,,,,,,,,,,,,65,,,,,,,,,,,,,,,,,,,,,,,,,,,,,,,,,,,,,,,,,,,,,,,,,,,,,,,,,,,,,,,,,,,,,,,,,,,,,,,,,,,,,,,,,,,,,,,,,,,,,,,,,,,,,,,,,,,,,,,,,,,,,,,,,,,,,,,,,,,,,,,,,,,,,,,,,,,,,,,,,,,
65,,,,,,,,,,,,,,,,,,,,,,,,,,,,,,,,,,,,,,,,,,,138,,,,,,,,,,,,,,,,,,,,,,,,,,,,,,,,,,,,,,,,,,,,,,,,,,,,,,,,,,,,,,,,,,,,,,,,,,,,,,,,,,,,,,,,,,,,,,,,,,,,,,,,,,,,,,,,,,,,,,,,,,,,,,,,,,,,,,,,,,,,,,,,,,,,,,,,,,,,,,,,,,,
66,,,,,,,,,,,,,,,,,,,,,,,,,,,,,,,,,,,,,,,,,,,69,,,,,,,,,,,,,,,,,,,,,,,,,,,,,,,,,,,,,,,,,,,,,,,,,,,,,,,,,,,,,,,,,,,,,,,,,,,,,,,,,,,,,,,,,,,,,,,,,,,,,,,,,,,,,,,,,,,,,,,,,,,,,,,,,,,,,,,,,,,,,,,,,,,,,,,,,,,,,,,,,,,
67,,,,,,,,,,,,,,,,,,,,,,,,,,,,,,,,,,,,,,,,,,,78,,,,,,,,,,,,,,,,,,,,,,,,,,,,,,,,,,,,,,,,,,,,,,,,,,,,,,,,,,,,,,,,,,,,,,,,,,,,,,,,,,,,,,,,,,,,,,,,,,,,,,,,,,,,,,,,,,,,,,,,,,,,,,,,,,,,,,,,,,,,,,,,,,,,,,,,,,,,,,,,,,,
68,,,,,,,,,,,,,,,,,,,,,,,,,,,,,,,,,,,,,,,,,,,102,,,,,,,,,,,,,,,,,,,,,,,,,,,,,,,,,,,,,,,,,,,,,,,,,,,,,,,,,,,,,,,,,,,,,,,,,,,,,,,,,,,,,,,,,,,,,,,,,,,,,,,,,,,,,,,,,,,,,,,,,,,,,,,,,,,,,,,,,,,,,,,,,,,,,,,,,,,,,,,,,,,
69,,,,,,,,,,,,,,,,,,,,,,,,,,,,,,,,,,,,,,,,,,,94,,,,,,,,,,,,,,,,,,,,,,,,,,,,,,,,,,,,,,,,,,,,,,,,,,,,,,,,,,,,,,,,,,,,,,,,,,,,,,,,,,,,,,,,,,,,,,,,,,,,,,,,,,,,,,,,,,,,,,,,,,,,,,,,,,,,,,,,,,,,,,,,,,,,,,,,,,,,,,,,,,,
70,,,,,,,,,,,,,,,,,,,,,,,,,,,,,,,,,,,,,,,,,,,119,,,,,,,,,,,,,,,,,,,,,,,,,,,,,,,,,,,,,,,,,,,,,,,,,,,,,,,,,,,,,,,,,,,,,,,,,,,,,,,,,,,,,,,,,,,,,,,,,,,,,,,,,,,,,,,,,,,,,,,,,,,,,,,,,,,,,,,,,,,,,,,,,,,,,,,,,,,,,,,,,,,
71,,,,,,,,,,,,,,,,,,,,,,,,,,,,,,,,,,,,,,,,,,,113,,,,,,,,,,,,,,,,,,,,,,,,,,,,,,,,,,,,,,,,,,,,,,,,,,,,,,,,,,,,,,,,,,,,,,,,,,,,,,,,,,,,,,,,,,,,,,,,,,,,,,,,,,,,,,,,,,,,,,,,,,,,,,,,,,,,,,,,,,,,,,,,,,,,,,,,,,,,,,,,,,,
72,,,,,,,,,,,,,,,,,,,,,,,,,,,,,,,,,,,,,,,,,,,98,,,,,,,,,,,,,,,,,,,,,,,,,,,,,,,,,,,,,,,,,,,,,,,,,,,,,,,,,,,,,,,,,,,,,,,,,,,,,,,,,,,,,,,,,,,,,,,,,,,,,,,,,,,,,,,,,,,,,,,,,,,,,,,,,,,,,,,,,,,,,,,,,,,,,,,,,,,,,,,,,,,
73,,,,,,,,,,,,,,,,,,,,,,,,,,,,,,,,,,,,,,,,,,,84,,,,,,,,,,,,,,,,,,,,,,,,,,,,,,,,,,,,,,,,,,,,,,,,,,,,,,,,,,,,,,,,,,,,,,,,,,,,,,,,,,,,,,,,,,,,,,,,,,,,,,,,,,,,,,,,,,,,,,,,,,,,,,,,,,,,,,,,,,,,,,,,,,,,,,,,,,,,,,,,,,,
74,,,,,,,,,,,,,,,,,,,,,,,,,,,,,,,,,,,,,,,,,,,54,,,,,,,,,,,,,,,,,,,,,,,,,,,,,,,,,,,,,,,,,,,,,,,,,,,,,,,,,,,,,,,,,,,,,,,,,,,,,,,,,,,,,,,,,,,,,,,,,,,,,,,,,,,,,,,,,,,,,,,,,,,,,,,,,,,,,,,,,,,,,,,,,,,,,,,,,,,,,,,,,,,
75,,,,,,,,,,,,,,,,,,,,,,,,,,,,,,,,,,,,,,,,,,,100,,,,,,,,,,,,,,,,,,,,,,,,,,,,,,,,,,,,,,,,,,,,,,,,,,,,,,,,,,,,,,,,,,,,,,,,,,,,,,,,,,,,,,,,,,,,,,,,,,,,,,,,,,,,,,,,,,,,,,,,,,,,,,,,,,,,,,,,,,,,,,,,,,,,,,,,,,,,,,,,,,,
76,,,,,,,,,,,,,,,,,,,,,,,,,,,,,,,,,,,,,,,,,,,70,,,,,,,,,,,,,,,,,,,,,,,,,,,,,,,,,,,,,,,,,,,,,,,,,,,,,,,,,,,,,,,,,,,,,,,,,,,,,,,,,,,,,,,,,,,,,,,,,,,,,,,,,,,,,,,,,,,,,,,,,,,,,,,,,,,,,,,,,,,,,,,,,,,,,,,,,,,,,,,,,,,
77,,,,,,,,,,,,,,,,,,,,,,,,,,,,,,,,,,,,,,,,,,,62,,,,,,,,,,,,,,,,,,,,,,,,,,,,,,,,,,,,,,,,,,,,,,,,,,,,,,,,,,,,,,,,,,,,,,,,,,,,,,,,,,,,,,,,,,,,,,,,,,,,,,,,,,,,,,,,,,,,,,,,,,,,,,,,,,,,,,,,,,,,,,,,,,,,,,,,,,,,,,,,,,,
78,,,,,,,,,,,,,,,,,,,,,,,,,,,,,,,,,,,,,,,,,,,48,,,,,,,,,,,,,,,,,,,,,,,,,,,,,,,,,,,,,,,,,,,,,,,,,,,,,,,,,,,,,,,,,,,,,,,,,,,,,,,,,,,,,,,,,,,,,,,,,,,,,,,,,,,,,,,,,,,,,,,,,,,,,,,,,,,,,,,,,,,,,,,,,,,,,,,,,,,,,,,,,,,
79,,,,,,,,,,,,,,,,,,,,,,,,,,,,,,,,,,,,,,,,,,,67,,,,,,,,,,,,,,,,,,,,,,,,,,,,,,,,,,,,,,,,,,,,,,,,,,,,,,,,,,,,,,,,,,,,,,,,,,,,,,,,,,,,,,,,,,,,,,,,,,,,,,,,,,,,,,,,,,,,,,,,,,,,,,,,,,,,,,,,,,,,,,,,,,,,,,,,,,,,,,,,,,,
80,,,,,,,,,,,,,,,,,,,,,,,,,,,,,,,,,,,,,,,,,,,56,,,,,,,,,,,,,,,,,,,,,,,,,,,,,,,,,,,,,,,,,,,,,,,,,,,,,,,,,,,,,,,,,,,,,,,,,,,,,,,,,,,,,,,,,,,,,,,,,,,,,,,,,,,,,,,,,,,,,,,,,,,,,,,,,,,,,,,,,,,,,,,,,,,,,,,,,,,,,,,,,,,
81,,,,,,,,,,,,,,,,,,,,,,,,,,,,,,,,,,,,,,,,,,,86,,,,,,,,,,,,,,,,,,,,,,,,,,,,,,,,,,,,,,,,,,,,,,,,,,,,,,,,,,,,,,,,,,,,,,,,,,,,,,,,,,,,,,,,,,,,,,,,,,,,,,,,,,,,,,,,,,,,,,,,,,,,,,,,,,,,,,,,,,,,,,,,,,,,,,,,,,,,,,,,,,,
82,,,,,,,,,,,,,,,,,,,,,,,,,,,,,,,,,,,,,,,,,,,86,,,,,,,,,,,,,,,,,,,,,,,,,,,,,,,,,,,,,,,,,,,,,,,,,,,,,,,,,,,,,,,,,,,,,,,,,,,,,,,,,,,,,,,,,,,,,,,,,,,,,,,,,,,,,,,,,,,,,,,,,,,,,,,,,,,,,,,,,,,,,,,,,,,,,,,,,,,,,,,,,,,
83,,,,,,,,,,,,,,,,,,,,,,,,,,,,,,,,,,,,,,,,,,,55,,,,,,,,,,,,,,,,,,,,,,,,,,,,,,,,,,,,,,,,,,,,,,,,,,,,,,,,,,,,,,,,,,,,,,,,,,,,,,,,,,,,,,,,,,,,,,,,,,,,,,,,,,,,,,,,,,,,,,,,,,,,,,,,,,,,,,,,,,,,,,,,,,,,,,,,,,,,,,,,,,,
84,,,,,,,,,,,,,,,,,,,,,,,,,,,,,,,,,,,,,,,,,,,79,,,,,,,,,,,,,,,,,,,,,,,,,,,,,,,,,,,,,,,,,,,,,,,,,,,,,,,,,,,,,,,,,,,,,,,,,,,,,,,,,,,,,,,,,,,,,,,,,,,,,,,,,,,,,,,,,,,,,,,,,,,,,,,,,,,,,,,,,,,,,,,,,,,,,,,,,,,,,,,,,,,
85,,,,,,,,,,,,,,,,,,,,,,,,,,,,,,,,,,,,,,,,,,,93,,,,,,,,,,,,,,,,,,,,,,,,,,,,,,,,,,,,,,,,,,,,,,,,,,,,,,,,,,,,,,,,,,,,,,,,,,,,,,,,,,,,,,,,,,,,,,,,,,,,,,,,,,,,,,,,,,,,,,,,,,,,,,,,,,,,,,,,,,,,,,,,,,,,,,,,,,,,,,,,,,,
86,,,,,,,,,,,,,,,,,,,,,,,,,,,,,,,,,,,,,,,,,,,112,,,,,,,,,,,,,,,,,,,,,,,,,,,,,,,,,,,,,,,,,,,,,,,,,,,,,,,,,,,,,,,,,,,,,,,,,,,,,,,,,,,,,,,,,,,,,,,,,,,,,,,,,,,,,,,,,,,,,,,,,,,,,,,,,,,,,,,,,,,,,,,,,,,,,,,,,,,,,,,,,,,
87,,,,,,,,,,,,,,,,,,,,,,,,,,,,,,,,,,,,,,,,,,,94,,,,,,,,,,,,,,,,,,,,,,,,,,,,,,,,,,,,,,,,,,,,,,,,,,,,,,,,,,,,,,,,,,,,,,,,,,,,,,,,,,,,,,,,,,,,,,,,,,,,,,,,,,,,,,,,,,,,,,,,,,,,,,,,,,,,,,,,,,,,,,,,,,,,,,,,,,,,,,,,,,,
88,,,,,,,,,,,,,,,,,,,,,,,,,,,,,,,,,,,,,,,,,,,49,,,,,,,,,,,,,,,,,,,,,,,,,,,,,,,,,,,,,,,,,,,,,,,,,,,,,,,,,,,,,,,,,,,,,,,,,,,,,,,,,,,,,,,,,,,,,,,,,,,,,,,,,,,,,,,,,,,,,,,,,,,,,,,,,,,,,,,,,,,,,,,,,,,,,,,,,,,,,,,,,,,
89,,,,,,,,,,,,,,,,,,,,,,,,,,,,,,,,,,,,,,,,,,,50,,,,,,,,,,,,,,,,,,,,,,,,,,,,,,,,,,,,,,,,,,,,,,,,,,,,,,,,,,,,,,,,,,,,,,,,,,,,,,,,,,,,,,,,,,,,,,,,,,,,,,,,,,,,,,,,,,,,,,,,,,,,,,,,,,,,,,,,,,,,,,,,,,,,,,,,,,,,,,,,,,,
90,,,,,,,,,,,,,,,,,,,,,,,,,,,,,,,,,,,,,,,,,,,352,,,,,,,,,,,,,,,,,,,,,,,,,,,,,,,,,,,,,,,,,,,,,,,,,,,,,,,,,,,,,,,,,,,,,,,,,,,,,,,,,,,,,,,,,,,,,,,,,,,,,,,,,,,,,,,,,,,,,,,,,,,,,,,,,,,,,,,,,,,,,,,,,,,,,,,,,,,,,,,,,,,
91,,,,,,,,,,,,,,,,,,,,,,,,,,,,,,,,,,,,,,,,,,,31,,,,,,,,,,,,,,,,,,,,,,,,,,,,,,,,,,,,,,,,,,,,,,,,,,,,,,,,,,,,,,,,,,,,,,,,,,,,,,,,,,,,,,,,,,,,,,,,,,,,,,,,,,,,,,,,,,,,,,,,,,,,,,,,,,,,,,,,,,,,,,,,,,,,,,,,,,,,,,,,,,,
92,,,,,,,,,,,,,,,,,,,,,,,,,,,,,,,,,,,,,,,,,,,18,,,,,,,,,,,,,,,,,,,,,,,,,,,,,,,,,,,,,,,,,,,,,,,,,,,,,,,,,,,,,,,,,,,,,,,,,,,,,,,,,,,,,,,,,,,,,,,,,,,,,,,,,,,,,,,,,,,,,,,,,,,,,,,,,,,,,,,,,,,,,,,,,,,,,,,,,,,,,,,,,,,
93,,,,,,,,,,,,,,,,,,,,,,,,,,,,,,,,,,,,,,,,,,,14,,,,,,,,,,,,,,,,,,,,,,,,,,,,,,,,,,,,,,,,,,,,,,,,,,,,,,,,,,,,,,,,,,,,,,,,,,,,,,,,,,,,,,,,,,,,,,,,,,,,,,,,,,,,,,,,,,,,,,,,,,,,,,,,,,,,,,,,,,,,,,,,,,,,,,,,,,,,,,,,,,,
94,,,,,,,,,,,,,,,,,,,,,,,,,,,,,,,,,,,,,,,,,,,32,,,,,,,,,,,,,,,,,,,,,,,,,,,,,,,,,,,,,,,,,,,,,,,,,,,,,,,,,,,,,,,,,,,,,,,,,,,,,,,,,,,,,,,,,,,,,,,,,,,,,,,,,,,,,,,,,,,,,,,,,,,,,,,,,,,,,,,,,,,,,,,,,,,,,,,,,,,,,,,,,,,
95,,,,,,,,,,,,,,,,,,,,,,,,,,,,,,,,,,,,,,,,,,,15,,,,,,,,,,,,,,,,,,,,,,,,,,,,,,,,,,,,,,,,,,,,,,,,,,,,,,,,,,,,,,,,,,,,,,,,,,,,,,,,,,,,,,,,,,,,,,,,,,,,,,,,,,,,,,,,,,,,,,,,,,,,,,,,,,,,,,,,,,,,,,,,,,,,,,,,,,,,,,,,,,,
96,,,,,,,,,,,,,,,,,,,,,,,,,,,,,,,,,,,,,,,,,,,,,,,,,,,,,,,,,,,,,,,,,,,,,,,,,,,,,,,,,,,,,,,,,,,,,,,,,,,,,,,,,,,,,,,,,,,,,,,,,,,,,,,,,,,,,,,,,,,,,,,,,,,,,,,,,,,,,,,,,,,,,,,,,,,,,,,,,,,,,,,,,,,,,,,,,,,,,,,,,,,,,,
97,,,,,,,,,,,,,,,,,,,,,,,,,,,,,,,,,,,,,,,,,,,,,,,,,,,,,,,,,,,,,,,,,,,,,,,,,,,,,,,,,,,,,,,,,,,,,,,,,,,,,,,,,,,,,,,,,,,,,,,,,,,,,,,,,,,,,,,,,,,,,,,,,,,,,,,,,,,,,,,,,,,,,,,,,,,,,,,,,,,,,,,,,,,,,,,,,,,,,,,,,,,,,,
98,,,,,,,,,,,,,,,,,,,,,,,,,,,,,,,,,,,,,,,,,,,,,,,,,,,,,,,,,,,,,,,,,,,,,,,,,,,,,,,,,,,,,,,,,,,,,,,,,,,,,,,,,,,,,,,,,,,,,,,,,,,,,,,,,,,,,,,,,,,,,,,,,,,,,,,,,,,,,,,,,,,,,,,,,,,,,,,,,,,,,,,,,,,,,,,,,,,,,,,,,,,,,,
99,,,,,,,,,,,,,,,,,,,,,,,,,,,,,,,,,,,,,,,,,,,,,,,,,,,,,,,,,,,,,,,,,,,,,,,,,,,,,,,,,,,,,,,,,,,,,,,,,,,,,,,,,,,,,,,,,,,,,,,,,,,,,,,,,,,,,,,,,,,,,,,,,,,,,,,,,,,,,,,,,,,,,,,,,,,,,,,,,,,,,,,,,,,,,,,,,,,,,,,,,,,,,,
100,,,,,,,,,,,,,,,,,,,,,,,,,,,,,,,,,,,,,,,,,,,,,,,,,,,,,,,,,,,,,,,,,,,,,,,,,,,,,,,,,,,,,,,,,,,,,,,,,,,,,,,,,,,,,,,,,,,,,,,,,,,,,,,,,,,,,,,,,,,,,,,,,,,,,,,,,,,,,,,,,,,,,,,,,,,,,,,,,,,,,,,,,,,,,,,,,,,,,,,,,,,,,,
101,,,,,,,,,,,,,,,,,,,,,,,,,,,,,,,,,,,,,,,,,,,,,,,,,,,,,,,,,,,,,,,,,,,,,,,,,,,,,,,,,,,,,,,,,,,,,,,,,,,,,,,,,,,,,,,,,,,,,,,,,,,,,,,,,,,,,,,,,,,,,,,,,,,,,,,,,,,,,,,,,,,,,,,,,,,,,,,,,,,,,,,,,,,,,,,,,,,,,,,,,,,,,,
102,,,,,,,,,,,,,,,,,,,,,,,,,,,,,,,,,,,,,,,,,,,,,,,,,,,,,,,,,,,,,,,,,,,,,,,,,,,,,,,,,,,,,,,,,,,,,,,,,,,,,,,,,,,,,,,,,,,,,,,,,,,,,,,,,,,,,,,,,,,,,,,,,,,,,,,,,,,,,,,,,,,,,,,,,,,,,,,,,,,,,,,,,,,,,,,,,,,,,,,,,,,,,,
103,,,,,,,,,,,,,,,,,,,,,,,,,,,,,,,,,,,,,,,,,,,,,,,,,,,,,,,,,,,,,,,,,,,,,,,,,,,,,,,,,,,,,,,,,,,,,,,,,,,,,,,,,,,,,,,,,,,,,,,,,,,,,,,,,,,,,,,,,,,,,,,,,,,,,,,,,,,,,,,,,,,,,,,,,,,,,,,,,,,,,,,,,,,,,,,,,,,,,,,,,,,,,,
104,,,,,,,,,,,,,,,,,,,,,,,,,,,,,,,,,,,,,,,,,,,,,,,,,,,,,,,,,,,,,,,,,,,,,,,,,,,,,,,,,,,,,,,,,,,,,,,,,,,,,,,,,,,,,,,,,,,,,,,,,,,,,,,,,,,,,,,,,,,,,,,,,,,,,,,,,,,,,,,,,,,,,,,,,,,,,,,,,,,,,,,,,,,,,,,,,,,,,,,,,,,,,,
